image,palette7,palette6,palette5,palette4,palette3,palette2,palette1,palette0,id,title,suggest2,suggest3,suggest0,suggest1,suggest6,suggest7,suggest4,suggest5,thumbnail,image_hash,shot_date,mod_date,slug,post_date,permalink,caption,published
photos/punks-not-dead/20060516-_DSC0835_3.jpg,e1ddd5,9b9689,cfcac0,443623,5d503d,281c0d,e1ddd5,443623,2,punk's not dead,e1ddd4,bfbaaf,989385,413320,594b38,251b0e,786b56,cecabf,photos/punks-not-dead/thumbnail_20060516-_DSC0835_2.jpg,8a1383c8b49e50c5bb643740ab123d2d,2006-05-16,2011-04-09,punks-not-dead,2011-03-14,b1f3ba6c45d46f8bce8ff7647a7e098b,,1
photos/tonights-sound/20090703-_DSC1330_3.jpg,221e1b,f3e8ce,6b767e,a39f95,c7bba9,020102,a38b70,766351,3,tonight's sound,020102,c7bba9,766351,a38b70,f3e8ce,221e1b,a39f95,6b767e,photos/tonights-sound/thumbnail_20090703-_DSC1330_3.jpg,4b5721b4d1ba9cb8a61fbce9d7b36d58,2009-07-03,2011-04-09,tonights-sound,2011-03-14,94aeb15571cc4a8f32b2d0fbc1eb7048,,1
photos/smooth-solid/20090505-_DSC3123_2.jpg,6e8fbd,263f5e,92b2df,364f74,2f496d,000000,80a1ce,0e2137,4,smooth; solid,44618b,0b131a,2b4465,7697c6,0f243b,1b3451,5879a7,000101,photos/smooth-solid/thumbnail_20090505-_DSC3123_1.jpg,46eb67204fd3ba79790aeb65f2bb452f,2009-05-05,2011-04-09,smooth-solid,2011-03-14,64765bc18160fe9af99e6f03ebd11032,,1
photos/headquarters/20090702-_DSC1227_2.jpg,030209,0e0e14,fef690,0d151c,714525,020308,e5a548,472d23,5,headquarters,955231,e9efe8,d98d4c,637897,14191f,05040a,0b0f15,32343a,photos/headquarters/thumbnail_20090702-_DSC1227_1.jpg,8d09e58d9bfb60230b3579020181ee76,2009-07-02,2011-04-09,headquarters,2011-03-14,853cc4636f135f8fe9db7524629549d3,,1
photos/unze/20090707-_DSC2294_2.jpg,021537,030c23,027bfd,013cac,003292,000d26,0685fd,001844,6,unze,0257d7,022d86,001030,01112f,00349a,002164,0057d9,06102c,photos/unze/thumbnail_20090707-_DSC2294_1.jpg,1f661dbe60c0bc4520eb4dc208e81d84,2009-07-07,2011-04-09,unze,2011-03-14,e693c90eaf3c2a8d7d215c65f3a7c667,,1
photos/source/20091022-_DSC5338_2.jpg,010101,000c20,002391,000515,002384,000000,002494,00173e,7,the source?,001840,011e5f,010e26,000513,002173,010107,000002,000e25,photos/source/thumbnail_20091022-_DSC5338_1.jpg,9ed0e316442f41db9fca62c00b2ea78b,2009-10-22,2011-04-09,source,2011-03-14,11c851cacdb4b65b15d55172da27fc7d,,1
photos/broken-ladder/20091022-_DSC5393_2.jpg,000003,9b7f63,9b7f63,020102,665c4d,000000,9b7f63,46433a,8,broken ladder,a38669,140e0a,000000,584735,000000,000000,000000,000000,photos/broken-ladder/thumbnail_20091022-_DSC5393_1.jpg,a229c9d15e81eb841a4b4e2c0639ed81,2009-10-22,2011-04-09,broken-ladder,2011-03-14,f0e6d53327b1459a1ecb364485daf885,,1
photos/spaceships/20091111-_DSC6413_2.jpg,010101,070707,4f4f4f,4f4f4f,363636,000000,5a5a5a,1d1d1d,9,spaceships,090909,191919,000000,3d3d3d,000000,000000,000000,000000,photos/spaceships/thumbnail_20091111-_DSC6413_1.jpg,9be669a6a10ec34a7d4ee17ac1b4ad75,2009-11-11,2011-04-09,spaceships,2011-03-16,ea0abef15ba3ffd2c47317b9aea6f67d,,1
photos/gallagher/20091214-_DSC7583_2.jpg,13161b,a3b0b9,b1c0cc,29242a,78848d,020408,b5a56b,2e383e,10,gallagher,2c2e35,62707a,6f4538,87949c,434d57,030407,17191e,abb9c3,photos/gallagher/thumbnail_20091214-_DSC7583_2.jpg,17cec188b3584b208adae56e1169e7e8,2009-12-14,2011-04-09,gallagher,2011-03-18,1e09d7539113b4dbeefc9e56919d982a,,1
photos/anonymous-blaze/20091215-_DSC7709_2.jpg,170a0b,71431f,e7b14a,4d2c19,5e3619,100308,e5c06d,29170f,11,anonymous blaze,16080a,edaf45,5d351c,341e12,a35d1d,29180e,3f2315,4c2b18,photos/anonymous-blaze/thumbnail_20091215-_DSC7709_1.jpg,a02fa24b1a344bd3f0a2e345041aa3c0,2009-12-15,2011-04-09,anonymous-blaze,2011-03-21,cf27b51c50274af82b3b207ea2718556,,1
photos/our-branches/20091215-_DSC7792_2.jpg,5f5653,766c69,d2cdc8,bfbcb8,928a83,100a09,bfbcb8,302826,12,with our branches,0f0807,857c78,4e4643,69605c,201a18,cbc9c6,a49d98,372f2c,photos/our-branches/thumbnail_20091215-_DSC7792_1.jpg,a51353480ee4a32ea9baa0f86f9b8dba,2009-12-15,2011-04-09,our-branches,2011-03-23,c5efba22bff156dfb5359e9d2ceb4c07,,1
photos/ant-hive/20091216-_DSC7998_2.jpg,a09d8f,4e3c39,b42342,212220,642d36,0a0a0a,c6c6c6,412525,13,ant hive,dcdbd4,827569,675650,48413a,181817,9d9a8c,bdbbb0,2e2b28,photos/ant-hive/thumbnail_20091216-_DSC7998_2.jpg,6a3f2e4ccdc12b0bc5e822c6a1093b7c,2009-12-16,2011-04-09,ant-hive,2011-03-25,4b9e5f494bf404d2a67b098efa50434e,,1
photos/hidden/20091216-_DSC8300_2.jpg,151515,7f7f7f,cbcbcb,1e1e1e,343434,080808,acacac,212121,14,hidden,090909,252525,161616,737373,3a3a3a,989898,bfbfbf,515151,photos/hidden/thumbnail_20091216-_DSC8300_2.jpg,5cd594fe192475e9049fa30dc2234342,2009-12-16,2011-04-09,hidden,2011-03-28,5cedff5d62df44af49a45f416db6631e,,1
photos/last-years-view/20091216-_DSC8274_2.jpg,d8dce4,818082,d8dde3,caced6,999087,51535a,d8dce4,585c64,15,last year's view,d6dae2,5d5f63,949598,b9bcc2,a5a7aa,727174,848486,cbcfd7,photos/last-years-view/thumbnail_20091216-_DSC8274_2.jpg,2c1687858ee90d3a68bd6c232be553d2,2009-12-16,2011-04-09,last-years-view,2011-03-30,4777a299f35e8cdc855ccbf3a553cb84,,1
photos/snakes-shudder/20091216-_DSC8134_2.jpg,584d37,807254,dfd6ba,171712,413826,0d0e0b,c4aa6c,1c1b13,16,snakes shudder,524732,685c44,151510,aa9e76,2c2619,3e3524,847555,1e1c14,photos/snakes-shudder/thumbnail_20091216-_DSC8134_2.jpg,d732bc9954e301f49c8eba211b14fe3a,2009-12-16,2011-04-09,snakes-shudder,2011-04-01,85712ff88e44c225b79097b955d4fb01,,1
photos/unbelievable-undeniable/20100220-_DSC9284_2.jpg,db4e2a,6b0014,fed806,090002,af0c21,000000,fed967,510017,17,unbelievable; undeniable,fcad46,f2b707,fef78a,a40814,df492b,2f010e,600417,020000,photos/unbelievable-undeniable/thumbnail_20100220-_DSC9284_2.jpg,0d3ccf5ccfb4f533794268c395ebdae1,2010-02-20,2011-04-09,unbelievable-undeniable,2011-03-14,8f152042b69e0ecb944d7560e451646a,,1
photos/fill-gaps/202.jpg,63a3a6,030406,13a432,0d0a07,003ad4,000000,008efd,002049,18,fill in the gaps,000000,63a3a6,012d64,030405,1a1712,0110e4,0d0a06,078dac,photos/fill-gaps/thumbnail_202.jpg,37b8e1db9cb51f4195c69a9ea5900f7b,2008-07-20,2011-04-09,fill-gaps,2008-07-20,a6d08fccc6883c3e73e89d0adea78ea9,,1
photos/thrash/123.jpg,fdedde,25200a,8d517d,c7c705,5c2e54,050501,feefd1,1b1c00,19,thrash,c7c705,906863,050501,696802,4e3636,919102,fdedde,25200a,photos/thrash/thumbnail_123.jpg,bc42874e183eeacd81b4d42eb3cb3cd9,2007-03-04,2011-04-09,thrash,2007-03-04,1b0d4b88cb7a7a0d6c3953d8b332eff4,,1
photos/last-night-they-came-me/186.jpg,177bdf,180705,0874e0,050203,5c0602,040103,c5a568,01031f,20,last night they came for me,1f77d6,050624,ccaa87,050103,0a1a6a,39160f,863d27,140606,photos/last-night-they-came-me/thumbnail_186.jpg,0ac9cc4b36880563d8d00d61e3ce04e8,2007-11-07,2011-04-09,last-night-they-came-me,2007-11-07,673685dbbc106eefa632db6f11f5f65e,,1
photos/tarsi/200.jpg,384157,545f73,ba8491,121426,6e738b,01020a,d1ccdd,282e47,21,tarsi,8c8faa,ba8592,ada9be,3b4459,576176,70758c,d1ccdd,121528,photos/tarsi/thumbnail_200.jpg,141e513428845c3b31ff449f9436498f,2008-08-14,2011-04-09,tarsi,2008-08-14,1f7442faf72918b1a330eba05db3d915,,1
photos/we-made-it/201.jpg,fcf5d6,030100,fefeb3,caa56b,5e4e33,000000,be9b5b,392d17,22,we made it,110600,32250a,5b4419,84672f,030100,221602,caa56b,fcf5d6,photos/we-made-it/thumbnail_201.jpg,bf1786a55e36f91bb4f4145787c77183,2007-12-28,2011-04-09,we-made-it,2007-12-28,4634f56b5fa2c7a489561b3133a5259a,,1
photos/world-peace/213.jpg,6e563e,553f2b,dbd0c0,322111,816a52,12110a,c0ae98,322111,23,world peace,ab957c,553f2b,dcd0c0,967e65,322111,6e553e,c0ae98,816a52,photos/world-peace/thumbnail_213.jpg,4419c28a5efdff3a03f9ca171a02fb0a,2009-05-06,2011-04-09,world-peace,2009-05-06,6b24db5366d2ebc5b28bcc299d84d8b2,,1
photos/antennae/Antennae.tif.png,9e9585,d2cdcc,e3c547,85763e,c8b693,746d5f,dbdbe3,a7a3b0,24,antennae,a88f1b,dedce1,85763d,9e9585,c9bfa8,d1cdcc,b4ada3,c1ac58,photos/antennae/thumbnail_Antennae.tif.png,0d3737e1491189d3bba310da3a4bb350,2005-05-08,2011-04-09,antennae,2006-09-15,c2e6760910ff6f1d3de983e6b9a8bb24,,1
photos/beads-light-i/Beads of Light I.tif.png,4c3d20,b4a16f,bc9c47,291c0e,928561,000000,c8bc9a,403826,25,Beads of Light I,2a1c0e,704b00,ece1c7,4c4027,9a7201,0c0503,7a6b45,b4a16f,photos/beads-light-i/thumbnail_Beads of Light I.tif.png,aa7d0c66bf15d221da2cb7f9a76aeb43,2006-07-19,2011-04-09,beads-light-i,2006-07-20,38cd53e6a7cd6d114a9a6eaccf8d024c,,1
photos/beads-light-ii/Beads of Light II.tif.png,1a1a1a,585858,fbfbfb,777777,676767,050505,d6d6d6,333333,26,Beads of Light II,484848,676767,333333,8a8a8a,585858,1a1a1a,777777,050505,photos/beads-light-ii/thumbnail_Beads of Light II.tif.png,5d13f62b246acf8daacdaf1ea3a106bc,2006-07-19,2011-04-09,beads-light-ii,2006-07-20,adfa1e7e351735b1ec91afa48d88e4a5,,1
photos/beads-light-iii/Beads of Light III.tif.png,4f3c04,9e8023,dcc37b,c2ad77,886e19,000000,d8b95f,3b2c01,27,Beads of Light III,78621f,705704,2e2201,947407,9e8023,4f3c04,c2ad77,af913a,photos/beads-light-iii/thumbnail_Beads of Light III.tif.png,38caba8959ee471286ba8692ad6ad332,2006-07-19,2011-04-09,beads-light-iii,2006-08-15,9c9aa803ac30f009c0c7d6daf332351f,,1
photos/beguile/Beguile.tif.png,000000,280000,f30001,a2071a,740000,000100,9b0100,400000,28,Beguile,410000,827279,000000,000100,000000,000000,8b0c19,e40001,photos/beguile/thumbnail_Beguile.tif.png,6b438f43652fcf1c933607c3c01cf231,2007-03-04,2011-04-09,beguile,2007-03-05,bfaf423233c799c3d8fda02dfe807d12,,1
photos/cables-run-my-life/cables run my life.tif.png,070504,2a271f,ebeceb,7b7a70,7b7a70,050203,b2b4af,2a271f,29,cables run my life,191712,ebeceb,7b7a70,3f3c30,2a271f,b2b4af,595446,070504,photos/cables-run-my-life/thumbnail_cables run my life.tif.png,5dde870ae55b850c90e31977b8df4c8d,2007-12-28,2011-04-09,cables-run-my-life,2008-06-10,f451efa3a80840c8ecb2a1f5bcf05c83,,1
photos/dying-day/Dying Day.tif.png,fef8bc,d6ab5c,fef8bc,423616,c19953,000000,99793d,33290e,30,dying day,56441a,000000,d5aa5b,423616,33290e,fef8bc,735a29,98783c,photos/dying-day/thumbnail_Dying Day.tif.png,0daac69258f2cc36b674b8c68b6ab01e,2006-05-19,2011-04-09,dying-day,2006-07-22,9eadbc5779e96d736e7a159363f9cf33,,1
photos/electrons/Electrons.tif.png,c0dbcf,7a583e,9acdee,2c80bc,4b775e,1a2128,96a179,31423b,31,electrons,887e59,284f48,30798d,68513b,c5dfd7,1c242b,97b795,43312d,photos/electrons/thumbnail_Electrons.tif.png,4de9dbf6126bf6551fa0402fdf45c2ad,2006-02-19,2011-04-09,electrons,2006-11-19,bd7f056d0702bc330eaa1f1f1dd182b1,,1
photos/grizzled/Grizzled.jpg,84adbc,5fb1f7,a9dbe4,b3f3fc,3d6b74,000001,8ab7c5,062f30,32,grizzled,0c2e34,65b7f8,adeef9,000000,8bd5f7,396164,85afbe,03101c,photos/grizzled/thumbnail_Grizzled.jpg,fac4c0903cf4db7aa75f4810ee365da1,2006-05-17,2011-04-09,grizzled,2007-02-17,cb6b1ad2e3ff7464ac8bc9b96a41f67c,,1
photos/insanity/Insanity.tif.png,8c8c8c,565656,e9e9e9,bababa,565656,151515,d2d2d2,2f2f2f,33,insanity,8c8c8c,d2d2d2,bababa,565656,a3a3a3,727272,e9e9e9,2f2f2f,photos/insanity/thumbnail_Insanity.tif.png,e82cbbe6ead1a9a794b34c629d3e5166,2006-05-24,2011-04-09,insanity,2006-08-10,7fad4237b74c8749229d7da2dd1e4017,,1
photos/made-walking/Made for Walkin.tif.png,766452,4f4237,fee19d,dfb586,93775b,110802,bbab9b,4f4237,34,made for walking,deb281,d8a00c,eecbb1,b48d62,724e02,71604e,4d4035,120902,photos/made-walking/thumbnail_Made for Walkin.tif.png,31432d47e5ddfcc469d35e3db9a4aa23,2005-03-03,2011-04-09,made-walking,2006-08-26,319e61243c1a7a335a2e31f53a41fec3,,1
photos/nebulous/Nebulous.tif.png,000000,000000,bcbbb5,33342f,61615a,000000,aeada6,292923,35,nebulous,62615a,b0afa9,373732,000000,000000,000000,888781,1c1c18,photos/nebulous/thumbnail_Nebulous.tif.png,135d0c753e7c90ce8263a1ab986d76da,2006-05-18,2011-04-09,nebulous,2006-07-13,6088c3c10e1aa454a7c9197bf69dd41f,,1
photos/not-dog/Not a Dog.tif.png,eee8c9,df5533,df5533,9bab09,005500,020401,9bab09,032b06,36,not a dog,046c02,efe8c9,020401,e05633,fefefd,899f07,032906,ebc06b,photos/not-dog/thumbnail_Not a Dog.tif.png,b86f0360641523f5ce3107297597431e,2005-12-16,2011-04-09,not-dog,2007-04-05,a8938dee359e4bf160d0aea01bc0bf16,,1
photos/pierce/Pierce.tif.png,151515,8b8b8b,f6f6f6,dfdfdf,5c5c5c,010101,bdbdbd,151515,37,pierce,dfdfdf,333333,f6f6f6,151515,5b5b5b,010101,8b8b8b,bdbdbd,photos/pierce/thumbnail_Pierce.tif.png,ccba0b77f1cfa4a69f1bb9de02e25401,2007-03-04,2011-04-09,pierce,2007-03-10,333031edcfd933d5b15ce7907ad76412,,1
photos/portal/Portal.tif.png,221d1a,46413d,d7cfc0,d7cfc0,5f5a56,000000,837e7a,221d1a,38,portal,837e7a,342f2c,5f5a56,020100,46413d,221d1a,d7cfc0,130e0c,photos/portal/thumbnail_Portal.tif.png,834f2e3b25276c85a975e52145d87217,2006-05-24,2011-04-09,portal,2006-08-24,5d2ff3f94a11e0cfe35df20f481fbb0e,,1
photos/potatotter/Potatotter.tif.png,808080,c9c9c9,e7e7e7,3b3b3b,6a6a6a,171717,c9c9c9,313131,39,potatotter,3a3a3a,7e7e7e,161616,2f2f2f,c9c9c9,232323,535353,464646,photos/potatotter/thumbnail_Potatotter.tif.png,1e836ca81339b7364669bbbd0e3094e9,2006-05-18,2011-04-09,potatotter,2006-12-09,0b0738317c78295160deca125cb96a98,,1
photos/quizzical/Quizzical.tif.png,121212,313131,eaeaea,6c6c6c,7f7f7f,000000,dbdbdb,313131,40,quizzical,313131,121212,939393,595959,6c6c6c,818181,dcdcdc,afafaf,photos/quizzical/thumbnail_Quizzical.tif.png,9b52b635f19f3a3b711216d8959c5e2d,2006-05-21,2011-04-09,quizzical,2006-07-21,7d62743bd2bb6ceb0b164b198aa40554,,1
photos/string-theory/String Theory.tif.png,7e9e70,a3bf9a,e6f1e9,6c8d60,6c8d60,2f341b,c8ddc2,26451d,41,string theory,4d6738,c8ddc2,395021,a3bf9a,90af85,5a7e50,7e9e70,6c8d60,photos/string-theory/thumbnail_String Theory.tif.png,e0865f79b0a5b0e346032a29fd4472e9,2007-03-23,2011-04-09,string-theory,2007-03-25,da232da951cc466594e92ffa87a2b911,,1
photos/human-exhibit/The Human Exhibit.tif.png,3c3d3b,565856,d3ceca,191a18,737674,010202,c4bdb8,282a29,42,the human exhibit,0e0f0d,818382,5a5c5a,040404,1a1b18,c1bdb8,404240,2b2b29,photos/human-exhibit/thumbnail_The Human Exhibit.tif.png,15a2e58458eb8c148fd2b2404d38e27a,2006-05-18,2011-04-09,human-exhibit,2006-07-14,ea5ef7b48325bca07d91ffd5add14ce6,,1
photos/irony/212.jpg,8b8e94,0a0a0d,fbfbfb,1d1d20,8b8e94,0a0a0d,e5e6e8,36373a,43,irony,bfc0c6,e5e6e8,36373a,fbfbfb,0a0a0d,8b8e94,1d1d20,595b60,photos/irony/thumbnail_212.jpg,8dc3fc8990662a41ef00ec59efc86d26,2011-03-02,2011-04-09,irony,2011-04-04,d828ee0dabb36234e5adf33a53b7fb9c,,1
photos/more-water/20100518-_DSC2743.jpg,3d353d,48504c,ecf3fc,3b1c22,69616d,110614,c1d1e1,22151e,44,more water,90948e,737471,281c23,b5bcba,3b1c21,3c333c,4a4949,5e575c,photos/more-water/thumbnail_20100518-_DSC2743.jpg,f659ef5eee40a6f130454601356f3ba9,2010-05-18,2011-04-09,more-water,2011-04-06,85808663c7ef749d3f789a27b4da3fef,,1
photos/enshroud/20100522-_DSC2797.jpg,bece84,3e0200,cbecca,c3deae,662700,000000,c0d06a,1b0000,45,enshroud,874c0b,aa8834,622201,c4deac,3d0200,170000,b7b15b,bfcf85,photos/enshroud/thumbnail_20100522-_DSC2797.jpg,5b05085b3c988b313821f183fc1f4357,2010-05-22,2011-04-09,enshroud,2011-04-08,884775a9857ff7f2e9cbdcc1c0550f24,,1
photos/more-spaceships/20091111-_DSC6430.jpg,170204,030000,f3d28d,1e0608,7a3d22,000000,e28d3d,290c0b,46,more spaceships,411d12,190406,2c100c,030000,220809,110102,ebe4cb,7f4328,photos/more-spaceships/thumbnail_20091111-_DSC6430.jpg,6a302bbb2494370878eefeaf373f3ef8,2009-11-11,2011-04-09,more-spaceships,2011-04-08,19f5f80f71466d8afe5c8bb3ae3afd8e,,1
photos/how-many-roads/20100518-_DSC2625.jpg,b1c0a5,63725f,edf1e5,31382c,88997d,131812,9cab8f,323b2c,47,how many roads,9cab8f,88997d,768570,d3dcc8,63725f,b1c0a5,31382c,4c5949,photos/how-many-roads/thumbnail_20100518-_DSC2625.jpg,44ea967e399081d05fb8b320291e20a8,2010-05-08,2011-04-11,how-many-roads,2011-04-11,73b5ec51535610403830a42c174fe9cb,,1
photos/suspicious-glow/20090702-_DSC1240.jpg,101010,797979,808080,202020,5b5b5b,000000,797979,121212,48,suspicious glow,5b5b5b,000000,454545,313131,797979,101010,202020,050505,photos/suspicious-glow/thumbnail_20090702-_DSC1240.jpg,07254a435d070fd273650487161a2711,2009-07-02,2011-04-14,suspicious-glow,2011-04-13,b003ef19aad96cfae38f4147656aa9b5,,1
photos/or-it/20090703-_DSC1294.jpg,44341f,bcab8e,bcab8e,2a1f14,5f4c32,000000,857053,2a1f14,49,or is it?,5f4c32,857053,150d0a,000000,bcab8e,44341f,2a1f14,030104,photos/or-it/thumbnail_20090703-_DSC1294.jpg,af53da122edd2a766035d7abe1a4e14a,2009-07-03,2011-04-15,or-it,2011-04-15,ac9b52ea967ab1b3a02a1c73fc926efd,,1
photos/set-sail/20090703-_DSC1308.jpg,000000,0e64af,849bb9,151411,003471,000000,0e64af,000c23,50,set sail,313135,043e7b,000000,001c41,0e64af,000000,151411,849bb9,photos/set-sail/thumbnail_20090703-_DSC1308.jpg,e80cb3db67e4bf9efaf1fbe6f8f5dbe6,2009-07-03,2011-04-18,set-sail,2011-04-18,2b62f0d73b829d8dbc804f6d37f02c7c,,1
photos/project-demo/20090704-_DSC1410.jpg,c8ad70,7a7575,c8ad70,936840,61483d,23111d,e3e4cb,322122,51,project demo,26141a,44322f,322122,e3e4cb,7a7575,c8ad70,936840,61483d,photos/project-demo/thumbnail_20090704-_DSC1410.jpg,e7da3bf8031b915d6da862fc2b2e68e1,2009-07-04,2011-04-20,project-demo,2011-04-20,56995406e9d9dddff0aca4e9a63aec84,,1
photos/tamper/20090704-_DSC1427.jpg,0a6103,0a0907,6cf04b,6cf04b,082a05,020101,0f7001,091e07,52,tamper,152310,020101,cafedb,2fb505,0a0907,0a6103,6cf04b,032702,photos/tamper/thumbnail_20090704-_DSC1427.jpg,d3396e3d4c1300744ee66ba4e210925e,2009-07-04,2011-04-22,tamper,2011-04-22,78d7081f268f8c65973c40b40af93321,,1
photos/rage/20090704-_DSC1432.jpg,000000,130103,fce2ea,8d0028,9e002d,000000,e90036,25020d,53,rage,feb0bf,000000,25020d,df0a3c,130103,000000,8d0028,500017,photos/rage/thumbnail_20090704-_DSC1432.jpg,242149d67c86b09dde9e0742feaff5ce,2009-07-04,2011-04-25,rage,2011-04-25,25fa945de1ebebb749e14e52f7c3524c,,1
photos/melody/20090704-_DSC1472.jpg,000000,000000,cea55e,fdfae6,433622,0b0301,694623,20180e,54,melody,0b0301,5f3e1a,000000,cea55e,000000,000000,fdfae6,20180e,photos/melody/thumbnail_20090704-_DSC1472.jpg,d786149cfd75d0ce2f2f70f09e5b6265,2009-07-04,2011-04-27,melody,2011-04-27,ed565884ef8883607af48d096c72e4ea,,1
photos/enter/20090704-_DSC1668.jpg,958f85,110e0c,bac3d9,030201,645e55,030201,e5e4e3,1e1b18,55,enter,645e55,443d39,1e1b18,2e2925,110e0c,958f85,030201,e5e4e3,photos/enter/thumbnail_20090704-_DSC1668.jpg,2db30a215cfe4afdcb432fc1cb0c95da,2009-07-04,2011-04-29,enter,2011-04-29,68df0353efa3e9663874cc90f3cd0685,,1
photos/warped/20090707-_DSC2426.jpg,0c2645,cccfd1,ffffff,a8a9ab,99abb1,000000,a5b9be,01172d,56,warped,fafcfd,434040,747475,1c1a19,cccfd1,0c2645,a8a9ab,060404,photos/warped/thumbnail_20090707-_DSC2426.jpg,710d79714161cb0a3572ea0dfe1c7d81,2009-07-07,2011-05-04,warped,2011-05-02,dea1ac2799f84b8c1538e2b4dd8665f2,,1
photos/patterns-are-everywhere/20091022-_DSC5421.jpg,000000,000000,f9f2e1,ad9571,796245,000000,d4c3a5,41321e,57,patterns are everywhere,796245,f9f2e1,000000,d4c3a5,000000,000000,ad9571,41321e,photos/patterns-are-everywhere/thumbnail_20091022-_DSC5421.jpg,73d05f6f2ac64e5e6d0fd58ce1fee4e5,2009-10-22,2011-05-04,patterns-are-everywhere,2011-05-04,127cc8b9f8fe650d0f3180d5437376db,,1
photos/insanity-2/20090930-_DSC4360.jpg,2f2f2f,1c1c1c,d9d9d9,7b7b7b,606060,050505,d8d8d8,464646,58,insanity 2,c1c1c1,464646,9d9d9d,606060,1c1c1c,2f2f2f,7b7b7b,050505,photos/insanity-2/thumbnail_20090930-_DSC4360.jpg,caeea0c1356b88526762f56264b7057d,2009-09-30,2011-05-06,insanity-2,2011-05-06,37b177c217a72dbe7ed1a338570faca6,,1
photos/boing/20090301-_DSC2509.jpg,2f3236,555c63,aab0ac,150e0d,5c0705,150e0d,babab5,2f3236,59,boing,42474c,babab5,5c0705,6f787e,555c63,2f3236,150e0d,202122,photos/boing/thumbnail_20090301-_DSC2509.jpg,bb9c65363f7896e11f39dab4990f2c27,2009-03-01,2011-05-12,boing,2011-05-09,13881b7f9a201c4b58fdff51a1cae3c6,,1
photos/clef/20090513-_DSC0292.jpg,818384,7b7b7c,bcc4cd,5b5954,9ea1a4,514b41,bcc4cd,737272,60,clef,929496,898b8c,696864,737272,7b7b7c,818384,5b5954,9ea1a4,photos/clef/thumbnail_20090513-_DSC0292.jpg,ae16917b1e18fc61fd8499d588c764fe,2009-05-13,2011-05-12,clef,2011-05-11,ba47d90101e531b2744eaae1227bf869,,1
photos/way-modern-world/20090511-_DSC0251.jpg,a74a03,38170c,d17524,190205,703210,250a0a,fceba4,38170c,61,this is the way of the modern world,250a0a,d17524,703210,52240e,38170c,a74a03,190205,fceba4,photos/way-modern-world/thumbnail_20090511-_DSC0251.jpg,f4a0b1a8b61a4d8c940e80b386e7f46e,2009-05-11,2011-05-13,way-modern-world,2011-05-13,7742063efd87ed6d0555d9be072a57ac,,1
photos/near-curtain-blue/20090704-_DSC1763.jpg,d1cccc,989ba3,ebe9ec,e4dede,9999a0,3c3c42,dad5d4,696a70,62,near a curtain of blue,dad5d4,e0dad8,3c3c42,696a70,989ba3,d1cccc,e4dede,ebe9ec,photos/near-curtain-blue/thumbnail_20090704-_DSC1763.jpg,fd291ad430db5c240816f48bbb844a87,2009-07-04,2011-05-16,near-curtain-blue,2011-05-16,c435451a39f257eccdf0914416781a80,,1
photos/scare-some-hope/20090705-_DSC1893.jpg,070a15,112436,84b6e6,010105,4572a0,04040c,84b6e6,070a15,63,scare up some hope,04040c,0c1622,4572a0,1f3d5a,112436,070a15,010105,84b6e6,photos/scare-some-hope/thumbnail_20090705-_DSC1893.jpg,40eb70f39945234ac1fb00e4a36a6554,2009-07-05,2011-05-18,scare-some-hope,2011-05-18,58b55cbe942f870e559acc200a10e3a5,,1
photos/flow-getting-stronger/20090705-_DSC1952.jpg,6d85ab,6f5c47,ab8e69,4e463f,907452,211E1B,b2b5c4,4e463f,64,the flow is getting stronger,b2b5c4,a2a9bb,8d9ab3,907452,6f5c47,6d85ab,4e463f,ab8e69,photos/flow-getting-stronger/thumbnail_20090705-_DSC1952.jpg,c48117397bc9ee9b8e28026e3ad1255a,2009-07-05,2011-05-20,flow-getting-stronger,2011-05-20,309607a330ca4a952702671a0029e0b2,,1
photos/shadowed-stain/20090917-_DSC3155.jpg,251a0e,9f9587,766b5a,665239,665239,000000,baafa0,251a0e,65,shadowed stain,000000,554029,402e1b,baafa0,9f9587,251a0e,665239,786a55,photos/shadowed-stain/thumbnail_20090917-_DSC3155.jpg,b0fa66430327b48d5ec09f3084c47077,2009-09-17,2011-05-23,shadowed-stain,2011-05-23,53dbbc71aac5205ceff205a335240072,,1
photos/grin/20091007-_DSC4378.jpg,000000,000000,fcab43,782d00,481700,000000,fecb75,1f0003,66,grin,1f0003,481700,febe58,000000,000000,000000,782d00,140001,photos/grin/thumbnail_20091007-_DSC4378.jpg,a114d86c88fef1fedfcccad2c6c03f34,2009-10-07,2011-05-25,grin,2011-05-25,7ddaf986cb5341f57c3e5ff648f4a2da,,1
photos/one-one/20081009-_DSC0829.jpg,000000,3f3a38,fefefe,bbbab7,6f6d68,000000,d3d2d0,3f3a38,67,one by one,6e6a65,544f4b,8f8c86,fefefe,3f3a38,000000,bbbab7,2a2626,photos/one-one/thumbnail_20081009-_DSC0829.jpg,05686e105cc4c852a224b7ae9d7b71e7,2008-10-09,2011-05-27,one-one,2011-05-27,12ce8af286eb2f47fd06eca8bcd4bee7,,1
photos/going-walk/20081009-_DSC0764.jpg,b8bbb6,717466,fafafa,d6d9d5,86897d,1d1f1a,d6d9d5,434537,68,going for a walk,fafafa,5e6052,86897d,9da098,717466,b8bbb6,d6d9d5,434537,photos/going-walk/thumbnail_20081009-_DSC0764.jpg,0a93f5aad79df530a1c82e944f4caf1e,2008-10-09,2011-05-30,going-walk,2011-05-30,ebb4d8fb20187a74b586faddf67ba456,,1
photos/day-races/20080927-_DSC0636.jpg,443724,7b6c41,f8f2db,908847,695738,150f0a,c1b968,3c3429,69,the day races,695738,292116,e4d996,58482e,7b6c41,443724,908847,ac9f5c,photos/day-races/thumbnail_20080927-_DSC0636.jpg,aae2ab8d2d17d918210f74f8e8ae556d,2008-09-27,2011-06-01,day-races,2011-06-01,edcb8ac2fc32e5a4e4478cd43cae3a32,,1
photos/survivors/20100530-_DSC3065.jpg,877260,0f0b09,e3e2e1,b3aba2,9c8d7f,000000,b3987c,352d27,70,survivors,9c8d7f,6b5b4d,372b22,ccc8c4,0f0b09,877260,b3aba2,544336,photos/survivors/thumbnail_20100530-_DSC3065.jpg,d2c26a91d1e8db61b39f9859599da0ad,2010-05-30,2011-06-03,survivors,2011-06-03,ef42c9815ddf7d4a315417a1e15df93e,,1
photos/future/20110727-DSC_0230.jpg,000000,0c0c0a,e1e6e5,474e50,44181e,000000,5d5e50,0f1010,71,future?,171818,44181e,030303,a6b0b2,0c0c0a,000000,474e50,e1e6e5,photos/future/thumbnail_20110727-DSC_0230.jpg,e0000460a7812da3e67ad172675106ec,2011-07-27,2012-05-20,future,2011-06-13,7b09c5f7238aa4f6ecd0fbb6fadb158f,,1
photos/yes-future/20110727-DSC_0234.jpg,000000,0d0b0c,ffffff,f6f5f5,6a6461,1a1a1e,b6a08b,000000,72,"yes, future.",3f3f41,000000,787676,b7b5b5,0d0b0c,000000,f6f5f5,1e1e20,photos/yes-future/thumbnail_20110727-DSC_0234.jpg,a1d9eab1cee2bdc8c9cd9b6fa1f3a4dc,2011-07-27,2012-05-20,yes-future,2011-06-15,85db9cc9f774a9331f3a1de7fd796313,,1
photos/puppets/20110528-_DSC5007.jpg,33312f,9b9289,bfb9b2,26231f,9b9289,130f0d,bfb9b2,1a1713,73,puppets,424245,130f0d,5e5a5a,bfb9b2,9b9289,33312f,26231f,1a1713,photos/puppets/thumbnail_20110528-_DSC5007.jpg,524fbdb5c91d716ea0e7efd3b4a4b090,2011-05-28,2012-05-20,puppets,2011-06-10,3399cd28b2276d3a2b70c5e25b189ee8,,1
photos/cts/20110523-_DSC4979.jpg,191a1b,010101,bcbdbd,0e0f10,454547,010101,e3e4e3,0e0f10,74,cts,504f51,e3e4e3,323234,454547,010101,191a1b,0e0f10,3c3c3e,photos/cts/thumbnail_20110523-_DSC4979.jpg,fd4d79db7b461b689742a50879fddbaf,2011-05-23,2011-09-01,cts,2011-06-08,ccaf1a4c86d24b16cc0c7b5b5ac2b53e,,1
photos/bacteria/20110114-_DSC4712.jpg,372e2c,665b56,9d938b,4e4440,7d736e,120d0b,c3bcb7,231d1b,75,bacteria,c3bcb7,231d1b,7d736e,120d0b,665b56,372e2c,4e4440,9d938b,photos/bacteria/thumbnail_20110114-_DSC4712.jpg,e4534ddb67ea81bb4add353b28ba96b9,2011-01-14,2011-09-01,bacteria,2011-06-06,48b935580fa0a6e12ba67155f0a8ea54,,1
photos/bubbles/20111028-_DSC5957.jpg,271c14,020000,b19e79,180f0a,ab997b,020000,ab997b,271c14,76,bubbles,836e56,ab997b,0e0502,5b4738,020000,271c14,180f0a,3c2d21,photos/bubbles/thumbnail_20111028-_DSC5957.jpg,14ad02d0c02e8573885d317f0e790911,2011-10-28,2011-11-14,bubbles,2011-11-14,e980196287b55b55fef9324679cd02e9,,1
photos/heres-crazy-ones/20120512-_DSC6304.jpg,e4c551,0a0401,e4c551,fef59e,9f8027,0a0401,f7de6a,130b02,77,here's to the crazy ones,6f571a,9f8027,c3a239,f7de6a,0a0401,e4c551,fef59e,3d300f,photos/heres-crazy-ones/thumbnail_20120512-_DSC6304.jpg,9c5c8c5c4c4409b2bff8e94f7675c78b,2012-05-12,2012-05-14,heres-crazy-ones,2012-05-14,e950f2e8e3226f40748bb161978ac036,,1
photos/quickly-sinking/20120518-_DSC6394_1.jpg,00000c,c69fc7,e8bbe7,010429,683b84,000000,c69fc7,0d0216,78,quickly sinking,000011,c7b2cb,010022,000000,2c113f,0d0216,010006,69497d,photos/quickly-sinking/thumbnail_20120518-_DSC6394_1.jpg,3049c6f2859ea98f787e663b4b99aed5,2012-05-18,2012-05-19,quickly-sinking,2012-05-18,063bc25f70cb6fbda63b2a4691c77214,,1
photos/i-dont-____-you-anymore/20120518-_DSC6378_1.jpg,000000,000000,fe9814,000000,740906,000000,fe9814,180202,79,I don't ____ you anymore,cf2100,100002,000000,fdc222,000000,000000,000000,000000,photos/i-dont-____-you-anymore/thumbnail_20120518-_DSC6378_1.jpg,0efeeab8ca09b56f49102c89e4733e58,2012-05-18,2012-05-19,i-dont-____-you-anymore,2012-05-21,69742741c9d62eac10a8fef243746032,,1
photos/friday-night/20120518-_DSC6360.jpg,a6a2b6,7a819a,97a5bf,8c9db8,928ba2,465b74,9f8ca0,928ba2,80,friday night,a5a1b5,97a6bf,928ba2,9f97ab,7a819a,586b86,687792,8c9db8,photos/friday-night/thumbnail_20120518-_DSC6360.jpg,28dad9cd3e2ce23c8012e2d573d68174,2012-05-18,2012-05-19,friday-night,2012-05-23,a03d39ad6d6634d95efeec43d999dcd4,,1
photos/whatcha-doin-friday/20120518-_DSC6373.jpg,290d24,000017,e5c69e,000011,2b3424,000002,faf2e3,06110a,81,whatcha doin' friday?,000000,010105,faf2e3,785d45,b78e6c,0b1f0a,41351f,e5c69e,photos/whatcha-doin-friday/thumbnail_20120518-_DSC6373.jpg,68d499eb931db8c260d501a9cda6ae37,2012-05-18,2012-05-19,whatcha-doin-friday,2012-05-25,4621c0dd6691eb2b430ba4f03a074780,,1
photos/nose/20120603-_DSC6543.jpg,c5c4c1,050608,c5c4c1,aeaba4,4d4d45,050608,ececec,303530,82,nose,4d4d45,303530,969289,757169,050608,c5c4c1,aeaba4,bbb9b4,photos/nose/thumbnail_20120603-_DSC6543.jpg,eec70ff24a92ae431a872a59d372f07a,2012-06-03,2012-06-12,nose,2012-06-11,3929b702079518d2d9ab046c5bc1c8dc,,1
photos/general/20120603-_DSC6505.jpg,bcbbb9,d3d6da,cdd0d3,c7c7c8,958e87,6d635d,dbdde0,6d635d,83,GENERAL,dbdde0,958e87,aba7a4,6d635d,d3d6da,bcbbb9,c7c7c8,cdd0d3,photos/general/thumbnail_20120603-_DSC6505.jpg,63ce9b7923ae8f4e407c3ce8248de3a8,2012-06-03,2012-06-13,general,2012-06-13,38efec13a8de1db822e7310adf27e95d,,1
photos/something/20120603-_DSC6508.jpg,bbb8b8,dadcdf,dadcdf,e0e2e4,c8c7c9,7a6f6c,e0e2e4,a7a09d,84,something,d5d7da,7a6f6c,a7a09d,c8c7c9,dadcdf,bbb8b8,e0e2e4,cfd0d4,photos/something/thumbnail_20120603-_DSC6508.jpg,050e32a546c53b4d8924db60295d47f9,2012-06-03,2012-06-15,something,2012-06-15,7393285cfbf5e3e6da84065883d6ce8a,,1
photos/no-grinding/20120603-_DSC6467.jpg,beb1a0,decebb,fbf3de,cfbfad,beb1a0,816850,fefefc,8c7863,85,No Grinding,a39482,eee0c9,8c7863,fefefc,decebb,beb1a0,cfbfad,fbf3de,photos/no-grinding/thumbnail_20120603-_DSC6467.jpg,77ffe3ba8cfd06f09cdc77800f59dce3,2012-06-03,2012-06-18,no-grinding,2012-06-18,187074f0c104ef227c8d4db7f4e79312,,1
photos/space-junk/20120603-_DSC6463.jpg,aaccf5,7e858c,bba2fa,5e646b,5e646b,424345,aaccf5,515559,86,Space Junk,74787d,6f8cc5,717a88,797f85,7e858c,aaccf5,5e646b,6a717a,photos/space-junk/thumbnail_20120603-_DSC6463.jpg,57ed09d3a84bb336af014cae1939adda,2012-06-03,2012-06-20,space-junk,2012-06-20,8e26a57539678ced706132e839571151,,1
photos/tesseracts/20120603-_DSC6425.jpg,c1c3c5,807160,c1c3c5,26231e,5c4f3d,26231e,8791a0,42403a,87,tesseracts?,42403a,707986,5b5956,9a8a76,807160,c1c3c5,26231e,aba192,photos/tesseracts/thumbnail_20120603-_DSC6425.jpg,a97a0a876c72d6c5833b41881e8bf083,2012-06-03,2012-07-03,tesseracts,2012-06-22,4159cf815b622fc683f8bf84f2f2394e,,1
photos/penny-halo/20120603-_DSC6526.jpg,6a594a,a18c73,ded3c3,ded3c3,7c6957,524539,f8f1e3,6a594a,88,penny halo,b7a388,f8f1e3,8e7a65,7c6957,a18c73,6a594a,ded3c3,cebaa0,photos/penny-halo/thumbnail_20120603-_DSC6526.jpg,341ef89dd364b863de63040043c46def,2012-06-03,2012-07-03,penny-halo,2012-06-25,466c852d1029db06bcc2ed62b574893f,,1
photos/city-oaks/20120603-_DSC6551.jpg,802d51,6f6c6f,802d51,979998,a6abac,4f4b52,9c355f,6f6c6f,89,City of Oaks,4f4b52,a6abac,848787,9c355f,6f6c6f,802d51,979998,bec6c5,photos/city-oaks/thumbnail_20120603-_DSC6551.jpg,656f44670d08dac57e1122d5c34ae9a7,2012-06-03,2012-07-03,city-oaks,2012-06-27,8be63795a23479ae9e108537028f3598,,1
photos/declutter/img_0001.jpg,343434,858585,cacaca,f4f4f4,a4a4a4,343434,f4f4f4,727272,90,declutter,727272,f4f4f4,949494,5d5d5d,848484,cbcbcb,333333,a3a3a3,photos/declutter/thumbnail_img_0001.jpg,8caa9544d5a9b38cd22218831717f023,2012-07-08,2012-07-08,declutter,2012-07-08,950265e49fc98c5b65f940f835ec7412,,1
photos/we-auction-our-memories-never/_DSC7692.JPG,888888,dbdbdb,fbfbfb,e8e8e8,dbdbdb,1e1e1e,b5b5b5,535353,91,We auction off our memories (never),fbfbfb,f0f0f0,252525,b5b5b5,dbdbdb,888888,535353,e8e8e8,photos/we-auction-our-memories-never/thumbnail__DSC7692.JPG,6f60bb7a2a456da2968f193a3a759990,2012-07-08,2012-07-09,we-auction-our-memories-never,2012-07-09,2309db780e5254d446540f381c3edbee,,1
photos/climber/20120712-_DSC7829.jpg,2f2622,a69d8d,f3d743,171512,88131b,171512,ece7d9,2f2622,92,climber,9e9484,b8b1a1,6b625a,88131b,a69d8d,2f2622,171512,afa797,photos/climber/thumbnail_20120712-_DSC7829.jpg,65cb03cd0caa282cd22baebcebfd6b22,2012-07-13,2012-07-13,climber,2012-07-13,1b54435bac29b8940396e16c61766e3b,,1
photos/climber-2/20120712-_DSC7830.jpg,332b29,cdc6b4,6d7385,beb7a7,972e2d,332b29,e9e4d4,423e3b,93,climber 2,9b9283,f6f3e6,dbd5c3,e9e4d4,cdc6b4,332b29,beb7a7,ada696,photos/climber-2/thumbnail_20120712-_DSC7830.jpg,05489b6d23619548d4f4af1ad5fa39bc,2012-07-13,2012-07-14,climber-2,2012-07-14,0d5b0539015f8ea3d3d292977502c682,,1
photos/its-beautiful/20120711-_DSC7811.jpg,d4dcd4,82806a,d4dcd4,01010a,001428,01010a,8f9bb2,00162d,94,it's beautiful,0a0c15,001428,050f1d,4d3e30,82806a,d4dcd4,01010a,2b1e17,photos/its-beautiful/thumbnail_20120711-_DSC7811.jpg,791f1704a1b8af8b169ed383ef6c25b0,2012-07-13,2012-07-15,its-beautiful,2012-07-15,2e2206a0119eed9e93f8ce24220360e1,,1
photos/fandom/20120622-f11462848.jpg,32210f,683b05,998469,998469,493826,050301,ebd8be,191108,95,fandom,ebd8be,0b0602,191108,6a5742,683b05,32210f,998469,493826,photos/fandom/thumbnail_20120622-f11462848.jpg,7d907ee4fb936d01803e4f4b995c2cd5,2012-06-22,2012-07-16,fandom,2012-07-16,5e4336723a67f907d201f2a92c480e88,,1
photos/guten-morgahn/20120621-f5629056_3.jpg,f5f5f5,c1c1c1,f6f6f6,cecece,ababab,161616,f8f8f8,3c3c3c,96,guten morgahn,161616,dadada,767676,e7e7e7,c1c1c1,f5f5f5,cecece,ababab,photos/guten-morgahn/thumbnail_20120621-f5629056_3.jpg,0c563917eba839e934dc17dce55952f2,2012-06-21,2012-07-17,guten-morgahn,2012-07-17,db43362bcdd0f420f13d92cdf43f2e26,,1
photos/stuhleer/20120622-f6206592.jpg,232323,4f4f4f,f9f9f9,c4c4c4,4f4f4f,0a0a0a,f9f9f9,232323,97,stuhleer,808080,f9f9f9,e5e5e5,a6a6a6,4f4f4f,232323,c4c4c4,0a0a0a,photos/stuhleer/thumbnail_20120622-f6206592.jpg,7337d8b372615ac5816d8d7e757f86be,2012-06-22,2012-07-18,stuhleer,2012-07-18,c870275fe27021814633ff46b17b6d9e,,1
photos/stadteiche/20120603-_DSC6460.jpg,e5e5e5,5d5d5d,fcfcfc,fcfcfc,5d5d5d,060606,fcfcfc,151515,98,stadteiche,c5c5c5,a8a8a8,151515,fcfcfc,5d5d5d,e5e5e5,848484,383838,photos/stadteiche/thumbnail_20120603-_DSC6460.jpg,ff4d24277bce7c4bd33b368b7f57ab22,2012-06-03,2012-07-19,stadteiche,2012-07-19,d854adfe2597e20fd65d4f6b194b0812,,1
photos/jungensichtlinie/20120622-f5983296.jpg,9f9f9f,0e0e0e,f8f8f8,878787,9f9f9f,0e0e0e,f5f5f5,3b3b3b,99,jungensichtlinie,ebebeb,5b5b5b,717171,3b3b3b,0e0e0e,9f9f9f,878787,c5c5c5,photos/jungensichtlinie/thumbnail_20120622-f5983296.jpg,c5e6c1ec90b4613086532465fa6a4468,2012-06-22,2012-07-20,jungensichtlinie,2012-07-20,ca56cd09bb3217223cb17f2e2dc94b18,,1
photos/9/20120215-_DSC6237.jpg,806655,42221d,a0a2a6,2f2b2a,a37c58,020102,c2c0c0,271214,100,9,5a453a,98928f,1d1817,c2c0c0,42221d,806655,2f2b2a,100c0d,photos/9/thumbnail_20120215-_DSC6237.jpg,6c373aedfceab1c5f7460b4f531a28a8,2012-02-15,2012-07-23,9,2012-07-23,ab4dd8f3a0e9f5a742cfea5701ea499f,,1
photos/protection/20120725-_DSF5328.jpg,c8c8c8,b1b1b1,f4f4f4,dcdcdc,6d6d6d,252525,f3f3f3,434343,101,protection,434343,6d6d6d,969696,f3f3f3,b1b1b1,c8c8c8,dcdcdc,252525,photos/protection/thumbnail_20120725-_DSF5328.jpg,3f2a9b8fd6467c8deb04469bad4db868,2012-07-25,2012-07-28,protection,2012-07-28,1da5caa676e68211730eaea92734da63,,1
photos/surprised-ghost/20120725-_DSF5396.jpg,131313,848484,858585,747474,535353,0c0c0c,858585,1e1e1e,102,surprised ghost,272727,535353,0c0c0c,656565,848484,131313,747474,3f3f3f,photos/surprised-ghost/thumbnail_20120725-_DSF5396.jpg,3d2fc88d3c86ebc83bcd4a248ca5b013,2012-07-25,2012-07-29,surprised-ghost,2012-07-29,eed6c569b0d91e9b6b96d6cc8ce564ab,,1
photos/hot-grid/20120725-_DSF5374.jpg,0d0d0d,e6e6e6,e3e3e3,ababab,707070,0d0d0d,f4f4f4,2c2c2c,103,hot grid,c8c8c8,707070,2c2c2c,8e8e8e,e6e6e6,0d0d0d,ababab,4a4a4a,photos/hot-grid/thumbnail_20120725-_DSF5374.jpg,fc2addf2de396437e43cd6b79fee8f2d,2012-07-25,2012-07-30,hot-grid,2012-07-30,ef5689e475438bd1738ea2494104cd57,,1
photos/its-parapets/20120725-_DSF5361.jpg,2a2a2a,5e5e5e,ececec,7a7a7a,9e9e9e,040404,eaeaea,393939,104,It's the parapets,454545,9e9e9e,141414,e0e0e0,5e5e5e,2a2a2a,7a7a7a,c1c1c1,photos/its-parapets/thumbnail_20120725-_DSF5361.jpg,4825e1010426410f5b9fcc5548491be8,2012-07-25,2012-07-31,its-parapets,2012-07-31,5662816115aa643b20f6bca9affd20fd,,1
photos/casper/20120726-_DSF5404.jpg,010101,000000,dcdcdc,0c0c0c,6e6e6e,020202,dcdcdc,2f2f2f,105,Casper,1a1a1a,a9a9a9,050505,020202,000000,010101,0c0c0c,474747,photos/casper/thumbnail_20120726-_DSF5404.jpg,96fae12b3a61e8282e75e29759018a84,2012-07-26,2012-08-01,casper,2012-08-01,1d00cae55ff0941d1dfced45426a9553,,1
photos/reflexion/20120728-_DSF5468.jpg,cfa661,040200,cf8e55,110d06,605535,000000,e9c579,362b14,106,Reflexion,342916,4f4024,1c170e,6a5232,040200,cfa661,110d06,a1733f,photos/reflexion/thumbnail_20120728-_DSF5468.jpg,aa4d485d2bc0d5fca17690b7836d0666,2011-07-28,2012-08-02,reflexion,2012-08-02,1a16e216d076740318d1ebdb7f9fc891,,1
photos/bou-hoo/20120805-_DSF5622.jpg,aa7d48,7f5324,9c723a,a87245,946c52,2e2017,a6683d,72421b,107,Bou Hoo,956c38,4c3d36,d9d5d4,683d11,7f5324,aa7d48,c39c62,2e2017,photos/bou-hoo/thumbnail_20120805-_DSF5622.jpg,49b4b2e8b7e0ebef66436afbb27e5581,2012-08-05,2012-08-06,bou-hoo,2012-08-06,20540477db6ccefe44672c43dd19c5dd,,1
photos/steam0/20120805-_DSF5647.jpg,000005,000002,909ca4,1a1a1c,333433,000000,909ca4,1a1a1c,108,steam0,000000,333433,000009,090911,000002,000005,1a1a1c,909ca4,photos/steam0/thumbnail_20120805-_DSF5647.jpg,a41bc14b75789c34cd84cc3ce6db09c9,2012-08-05,2012-08-07,steam0,2012-08-07,3920e6db1e23cb0a83d013025599c2d1,,1
photos/steam1/20120805-_DSF5651.jpg,2b292a,13141b,89877c,d9dad4,4f4b45,010108,d9dad4,2b292a,109,steam1,4f4b45,89877c,06050f,000004,13141b,2b292a,d9dad4,010108,photos/steam1/thumbnail_20120805-_DSF5651.jpg,725b773a9e0c90bc56b61cedbf6e1715,2012-08-05,2012-08-08,steam1,2012-08-08,dbf201986122137578cbfad94c2596d1,,1
photos/steam2/20120805-_DSF5655.jpg,09070e,bcb1a1,0035a0,171619,302e2f,000006,696056,171619,110,steam2,0035a0,171619,000001,696056,bcb1a1,09070e,302e2f,000006,photos/steam2/thumbnail_20120805-_DSF5655.jpg,a3bbcaa4aeee50b5b857e4ee4989be64,2012-08-05,2012-08-09,steam2,2012-08-09,926b3765f754addf31203c75cc80b909,,1
photos/steam3/20120805-_DSF5641.jpg,391d58,909292,391d58,909292,4f4b52,010006,909292,1f1922,111,steam3,04020c,383336,1f1922,110c13,909292,391d58,000001,010006,photos/steam3/thumbnail_20120805-_DSF5641.jpg,609ce7eb6b4a2d2d1ea69ae30242ba51,2012-08-05,2012-08-10,steam3,2012-08-10,19ed8b25e1c73565cba9a95eb612e803,,1
photos/steam4/20120805-_DSF5632.jpg,5d01b5,32007a,6c00c4,260065,6000b9,120043,6c00c3,260065,112,steam4,2d0172,410091,5000a6,6000b9,32007a,5d01b5,260065,430195,photos/steam4/thumbnail_20120805-_DSF5632.jpg,eea58feea5e883d72f7f00a2800191ee,2012-08-05,2012-08-13,steam4,2012-08-13,cc02c2d1434c4bf995ccc1b0ed041a0d,,1
photos/sememe/20120805-_DSF5668.jpg,5b5b5b,e0e0e0,e0e0e0,a6a6a6,c2c2c2,1b1b1b,e0e0e0,5b5b5b,113,sememe,797979,c2c2c2,6c6c6c,949494,e0e0e0,5b5b5b,a6a6a6,868686,photos/sememe/thumbnail_20120805-_DSF5668.jpg,b9d6489f1624bacc744739879be87456,2012-08-05,2012-08-14,sememe,2012-08-14,083712a958b9f86968c7583decea3c7f,,1
photos/tiny-suns/20120804-_DSF5600.jpg,5b4039,d8bd97,fed67b,a68669,894e49,21100d,fee998,573e37,114,tiny suns,94755b,eddec4,7d624f,6d5146,d8bd97,5b4039,a68669,c19e7b,photos/tiny-suns/thumbnail_20120804-_DSF5600.jpg,85274ae0c5ac39430928d7cabc98e580,2012-08-04,2012-08-15,tiny-suns,2012-08-15,92dcdb8386729153e9108b412a96ea1c,,1
photos/balance-beam/20120728-_DSC8573.jpg,232525,857360,f2dcdd,f55c69,5a5349,0d0c0c,f55c69,1e2628,115,balance beam0,f2dcdd,978770,0d0c0c,513f3b,857360,232525,f55c69,a5957e,photos/balance-beam/thumbnail_20120728-_DSC8573.jpg,d5d85ad0839aa03d8cfd5e142c061702,2012-07-28,2012-08-16,balance-beam0,2012-08-16,996c0cb65e1ffd06aa5d58c395465bc7,,1
photos/intorted/20120806-_DSC8667.jpg,070301,d5b794,d1b495,0f0701,553813,0f0701,bf9565,120902,116,intorted,ccab86,af7e4b,c7a176,bf9565,d5b794,070301,0f0701,664724,photos/intorted/thumbnail_20120806-_DSC8667.jpg,ada7528f5221fdab0b3e6ce73c494d94,2012-08-06,2012-08-20,intorted,2012-08-20,45fe0a6a82acb76f98687584a90ff210,,1
photos/balance-beam1/20120728-_DSC8592.jpg,5c645c,b1a28a,cfded6,151515,74756a,151515,9dc2bd,5c645c,117,balance beam1,bfaf96,3f4240,ccd3c6,f4eee1,b1a28a,5c645c,151515,827b6c,photos/balance-beam1/thumbnail_20120728-_DSC8592.jpg,4eab5546187d7a544ceb8b9e2faa1a59,2012-08-17,2012-08-17,balance-beam1,2012-08-17,f3c812f6e94c09da1ec575f1acccfd30,,1
photos/x10-0/20120729-_DSC8647.jpg,4b3f3c,8e7565,f6e7ad,d3b985,715d55,0e0b0b,ebf0d8,342e2d,118,x10-0,5e4d47,715d55,0e0b0b,1e1b1d,8e7565,4b3f3c,d3b985,342e2d,photos/x10-0/thumbnail_20120729-_DSC8647.jpg,787e54883fc2abe1e81bfe65f144f7ea,2012-07-29,2012-08-21,x10-0,2012-08-21,9e17ea1a423b9945644c054f0a42db74,,1
photos/x10-1/20120729-_DSC8659.jpg,494e58,fefefb,fefefe,fefefe,6e7575,1b1f2a,e3dfb1,494e58,119,x10-1,989d82,c5c18b,242833,32353f,fefefb,494e58,fefefe,6e7575,photos/x10-1/thumbnail_20120729-_DSC8659.jpg,61acb84e9699723d5cab7497dae75c1a,2012-07-29,2012-08-22,x10-1,2012-08-22,9faaa99a7b102ac39ac7fc29ab4b20fa,,1
photos/bench-weave/_DSF5858.JPG,d0c9ad,27282d,c8b179,8e9496,656b6f,131213,a28653,282b31,120,wseavte,cfc5a7,656a6e,28292c,c7af76,a08555,ebebe3,8d9396,48494b,photos/bench-weave/thumbnail__DSF5858.JPG,446798e94be1bc77117539e33f2c9406,2012-08-14,2012-08-23,wseavte,2012-08-23,59d356929d30f847dee2ab337b1129b9,,1
photos/army-dartness/_DSF5872.JPG,1e1d1a,c9ae8b,e3ce77,b14353,585340,1e1d1a,e5d27d,39362d,121,army of dartness,82725c,d6bd9d,56523f,af9576,c9ad8b,1e1d1a,b14352,38352c,photos/army-dartness/thumbnail__DSF5872.JPG,b35f6457b42ab6bf2c153666f148877a,2012-08-14,2012-08-24,army-dartness,2012-08-24,fc1f7d78d757418b2e7e9add51835440,,1
photos/pocket-something/_DSF5875.JPG,572a1f,fefdf1,fefdf1,a3653d,7e482f,171310,f2cc9e,391b18,122,pocket something,7e482f,f2cc9e,391b18,171310,fefdf1,572a1f,a3653d,ca9060,photos/pocket-something/thumbnail__DSF5875.JPG,7d0b6a7ff9fa12842a5bcda52cfe43d2,2012-08-14,2012-08-27,pocket-something,2012-08-27,0deb9a920f99177e7bd8fce5beeb8b9f,,1
photos/equals/_DSF5880.JPG,641d18,a82c2c,fdedb9,f8535e,a82c2c,2d090c,fe7076,641d18,123,equals,fe7076,2d090c,eb444e,bc8e4b,a82c2c,641d18,f8535e,fdedb9,photos/equals/thumbnail__DSF5880.JPG,ee03933a9a4c2e6b2f24eaef4fc1bba0,2012-08-14,2012-08-28,equals,2012-08-28,1d322fffd4f3de1c0f256e25afc8e9d7,,1
photos/toad/_DSF5897.JPG,f88481,fbbcb5,fe9f90,8c171d,e02c40,3b0b0c,fbbcb5,8c171d,124,toad,d55c41,3b0b0c,b8222a,e02c40,fbbcb5,f88481,8c171d,6c1015,photos/toad/thumbnail__DSF5897.JPG,2f6d6de62726fb246299fbf5f096d293,2012-08-14,2012-08-29,toad,2012-08-29,d419ff005a5cca97648ec2296cf24b03,,1
photos/shapes/_DSF5900.JPG,5a0f12,ec5253,fdf2b7,340b0c,b6272b,340b0c,fc7c8f,861c1b,125,shapes,b6272b,fdf2b7,d53d40,fc7c8f,ec5253,5a0f12,340b0c,861c1b,photos/shapes/thumbnail__DSF5900.JPG,eb45b167e806042d26ccf1adb8231877,2012-08-14,2012-08-30,shapes,2012-08-30,d43c178e6214b6ee6f7d6258370da09b,,1
photos/registers/_DSF6232.JPG,343539,bdb9b3,e8e8e5,222325,bdb9b3,222325,e8e8e5,46494f,126,registers,e9e9e6,646265,d8d6d1,46494e,beb9b5,343539,222325,8f8c8a,photos/registers/thumbnail__DSF6232.JPG,3e8fb3c099f124598e7516ca70b0720d,2012-09-04,2012-09-14,registers,2012-09-14,4c08192eeba255931475eeff0dc4c4af,,1
photos/braid/_DSF6235_1.JPG,665f56,262424,eae7de,b18d4a,9fa1a4,262424,edd486,57575c,127,braid,818183,9ea0a4,655f57,af8b48,e8e4db,48423c,272524,c0beb6,photos/braid/thumbnail__DSF6235_1.JPG,3e7139c5421a8a8923f759e3e0f5d120,2012-09-04,2012-09-17,braid,2012-09-17,e6b89604c23407d61bbf5ecbe989a89b,,1
photos/new-leaf/20130420-_DSF1343.jpg,e7f191,7d9670,f6f8da,7f9742,afc56f,161d28,e7f191,1f2a37,128,New Leaves,afc56f,f6f8da,313b36,586e5c,7d9670,e7f191,7f9742,455549,photos/new-leaf/thumbnail_20130420-_DSF1343.jpg,cce0873846a1af61ad2843dfc4ddbcd9,2013-04-20,2013-04-22,new-leaves,2013-04-22,221cecf1c7f88a9fdb3b565424ea27c8,,1
photos/risky-path/20130420-_DSF1420.jpg,737578,636262,a6bd50,a1a0a4,636262,3a3431,c2c4c8,514f4e,129,Risky Path,c2c4c8,977c5c,88888c,3a3431,636262,737578,a1a0a4,514f4e,photos/risky-path/thumbnail_20130420-_DSF1420.jpg,a757295890160ef69b2d60f03a4a21c3,2013-04-20,2013-04-24,risky-path,2013-04-24,b4c85225e6b56c875538b6a83c59af21,,1
photos/trail/20130427-_DSF1662_1.jpg,7b8a37,4b4c26,e2edb2,abb55e,7b8a37,020202,c9d987,4b4c26,130,trail,63633b,a9a698,dbddc1,847d65,4b4c26,7b8a37,abb55e,29281c,photos/trail/thumbnail_20130427-_DSF1662_1.jpg,e0c778cadac8076a31ca6f345091e510,2013-04-27,2013-04-29,trail,2013-04-29,b0d73fa5c143aafb7980f111c4169fe9,,1
photos/pathways/20130427-_DSC0478.jpg,34442d,3c4601,98a040,606b03,75821a,192300,87942a,293001,131,pathways,4c5702,485b3e,75821a,293001,3c4601,34442d,606b03,98a040,photos/pathways/thumbnail_20130427-_DSC0478.jpg,3d12f5fe95e0efef890814a3e7917cbd,2013-04-27,2014-01-23,pathways,2013-05-01,de8d81e615df9b807878ec551777b011,,1
